INSERT INTO users (email, password, name, is_locked)
VALUES ('client1@example.com', '$2a$10$V2Pbym4qVBoEEcc9YghPFOcvZ.jK0SPQf/anJwYUNJlLYy/bkzAvO', 'Medelyn Wright', false),
       ('client2@example.com', '$2a$10$V2Pbym4qVBoEEcc9YghPFOcvZ.jK0SPQf/anJwYUNJlLYy/bkzAvO', 'Landon Phillips',
        false),
       ('client3@example.com', '$2a$10$V2Pbym4qVBoEEcc9YghPFOcvZ.jK0SPQf/anJwYUNJlLYy/bkzAvO', 'Harmony Mason', false),
       ('client4@example.com', '$2a$10$V2Pbym4qVBoEEcc9YghPFOcvZ.jK0SPQf/anJwYUNJlLYy/bkzAvO', 'Archer Harper', false),
       ('client5@example.com', '$2a$10$V2Pbym4qVBoEEcc9YghPFOcvZ.jK0SPQf/anJwYUNJlLYy/bkzAvO', 'Kira Jacobs', false),
       ('client6@example.com', '$2a$10$V2Pbym4qVBoEEcc9YghPFOcvZ.jK0SPQf/anJwYUNJlLYy/bkzAvO', 'Maximus Kelly', false),
       ('client7@example.com', '$2a$10$V2Pbym4qVBoEEcc9YghPFOcvZ.jK0SPQf/anJwYUNJlLYy/bkzAvO', 'Sierra Mitchell',
        false),
       ('client8@example.com', '$2a$10$V2Pbym4qVBoEEcc9YghPFOcvZ.jK0SPQf/anJwYUNJlLYy/bkzAvO', 'Quinton Saunders',
        false),
       ('client9@example.com', '$2a$10$V2Pbym4qVBoEEcc9YghPFOcvZ.jK0SPQf/anJwYUNJlLYy/bkzAvO', 'Amina Clarke', false),
       ('john.doe@email.com', '$2a$10$V2Pbym4qVBoEEcc9YghPFOcvZ.jK0SPQf/anJwYUNJlLYy/bkzAvO', 'John Doe', false),
       ('jane.smith@email.com', '$2a$10$V2Pbym4qVBoEEcc9YghPFOcvZ.jK0SPQf/anJwYUNJlLYy/bkzAvO', 'Jane Smith', false),
       ('bob.jones@email.com', '$2a$10$V2Pbym4qVBoEEcc9YghPFOcvZ.jK0SPQf/anJwYUNJlLYy/bkzAvO', 'Bob Jones', false),
       ('alice.white@email.com', '$2a$10$V2Pbym4qVBoEEcc9YghPFOcvZ.jK0SPQf/anJwYUNJlLYy/bkzAvO', 'Alice White', false),
       ('mike.wilson@email.com', '$2a$10$V2Pbym4qVBoEEcc9YghPFOcvZ.jK0SPQf/anJwYUNJlLYy/bkzAvO', 'Mike Wilson', false),
       ('sara.brown@email.com', '$2a$10$V2Pbym4qVBoEEcc9YghPFOcvZ.jK0SPQf/anJwYUNJlLYy/bkzAvO', 'Sara Brown', false),
       ('tom.jenkins@email.com', '$2a$10$V2Pbym4qVBoEEcc9YghPFOcvZ.jK0SPQf/anJwYUNJlLYy/bkzAvO', 'Tom Jenkins', false),
       ('lisa.taylor@email.com', '$2a$10$V2Pbym4qVBoEEcc9YghPFOcvZ.jK0SPQf/anJwYUNJlLYy/bkzAvO', 'Lisa Taylor', false),
       ('david.wright@email.com', '$2a$10$V2Pbym4qVBoEEcc9YghPFOcvZ.jK0SPQf/anJwYUNJlLYy/bkzAvO', 'David Wright',
        false),
       ('client10@example.com', '$2a$10$V2Pbym4qVBoEEcc9YghPFOcvZ.jK0SPQf/anJwYUNJlLYy/bkzAvO', 'Bryson Chavez', true),
       ('emily.harris@email.com', '$2a$10$V2Pbym4qVBoEEcc9YghPFOcvZ.jK0SPQf/anJwYUNJlLYy/bkzAvO', 'Emily Harris', true);

INSERT INTO user_roles (user_id, role_name)
SELECT id, 'ROLE_EMPLOYEE'
FROM users
WHERE email IN (
                'john.doe@email.com', 'jane.smith@email.com', 'bob.jones@email.com', 'alice.white@email.com',
                'mike.wilson@email.com', 'sara.brown@email.com', 'tom.jenkins@email.com', 'lisa.taylor@email.com',
                'david.wright@email.com', 'emily.harris@email.com'
    );

INSERT INTO clients (id, balance)
VALUES ((SELECT id FROM users WHERE email = 'client1@example.com'), 1000.00),
       ((SELECT id FROM users WHERE email = 'client2@example.com'), 1500.50),
       ((SELECT id FROM users WHERE email = 'client3@example.com'), 800.75),
       ((SELECT id FROM users WHERE email = 'client4@example.com'), 1200.25),
       ((SELECT id FROM users WHERE email = 'client5@example.com'), 900.80),
       ((SELECT id FROM users WHERE email = 'client6@example.com'), 1100.60),
       ((SELECT id FROM users WHERE email = 'client7@example.com'), 1300.45),
       ((SELECT id FROM users WHERE email = 'client8@example.com'), 950.30),
       ((SELECT id FROM users WHERE email = 'client9@example.com'), 1050.90),
       ((SELECT id FROM users WHERE email = 'john.doe@email.com'), 0.00),
       ((SELECT id FROM users WHERE email = 'jane.smith@email.com'), 0.00),
       ((SELECT id FROM users WHERE email = 'bob.jones@email.com'), 0.00),
       ((SELECT id FROM users WHERE email = 'alice.white@email.com'), 0.00),
       ((SELECT id FROM users WHERE email = 'mike.wilson@email.com'), 0.00),
       ((SELECT id FROM users WHERE email = 'sara.brown@email.com'), 0.00),
       ((SELECT id FROM users WHERE email = 'tom.jenkins@email.com'), 0.00),
       ((SELECT id FROM users WHERE email = 'lisa.taylor@email.com'), 0.00),
       ((SELECT id FROM users WHERE email = 'david.wright@email.com'), 0.00),
       ((SELECT id FROM users WHERE email = 'client10@example.com'), 880.20),
       ((SELECT id FROM users WHERE email = 'emily.harris@email.com'), 0.00);

INSERT INTO employees (id, phone, birth_date)
VALUES ((SELECT id FROM users WHERE email = 'john.doe@email.com'), '555-123-4567', '1990-05-15'),
       ((SELECT id FROM users WHERE email = 'jane.smith@email.com'), '555-987-6543', '1985-09-20'),
       ((SELECT id FROM users WHERE email = 'bob.jones@email.com'), '555-321-6789', '1978-03-08'),
       ((SELECT id FROM users WHERE email = 'alice.white@email.com'), '555-876-5432', '1982-11-25'),
       ((SELECT id FROM users WHERE email = 'mike.wilson@email.com'), '555-234-5678', '1995-07-12'),
       ((SELECT id FROM users WHERE email = 'sara.brown@email.com'), '555-876-5433', '1989-01-30'),
       ((SELECT id FROM users WHERE email = 'tom.jenkins@email.com'), '555-345-6789', '1975-06-18'),
       ((SELECT id FROM users WHERE email = 'lisa.taylor@email.com'), '555-789-0123', '1987-12-04'),
       ((SELECT id FROM users WHERE email = 'david.wright@email.com'), '555-456-7890', '1992-08-22'),
       ((SELECT id FROM users WHERE email = 'emily.harris@email.com'), '555-098-7654', '1980-04-10');

INSERT INTO books (name, genre, age_group, price, publication_year, author, number_of_pages, characteristics,
                   description, language)
VALUES ('The Crimson Crown', 'Fantasy', 'TEEN', 19.99, '2020-10-12', 'Arthur Pendelton', 410, 'Royal intrigue',
        'An epic tale of power and magic', 'ENGLISH'),
       ('Quantum Paradox', 'Science Fiction', 'ADULT', 25.50, '2022-03-05', 'Elena Rostova', 340, 'Time travel mystery',
        'Mind-bending sci-fi adventure', 'ENGLISH'),
       ('The Sunken City', 'Adventure', 'CHILD', 14.50, '2019-07-22', 'Mark Davis', 210, 'Underwater exploration',
        'Exciting deep sea journey', 'ENGLISH'),
       ('Midnight Whispers', 'Horror', 'ADULT', 21.00, '2016-10-31', 'Stephen King', 450, 'Creepy small town',
        'A terrifying horror story', 'ENGLISH'),
       ('The Last Ember', 'Fantasy', 'TEEN', 17.25, '2021-11-18', 'Laura White', 380, 'Dying magic world',
        'A quest to save the realm', 'ENGLISH'),
       ('Neon Dreams', 'Cyberpunk', 'ADULT', 28.90, '2023-01-20', 'Victor Vance', 510, 'Dystopian future city',
        'A gritty cyberpunk thriller', 'ENGLISH'),
       ('The Lost Kingdom', 'Historical Fiction', 'ADULT', 24.00, '2014-04-14', 'James Rollins', 480, 'Ancient secrets',
        'Uncovering a lost civilization', 'ENGLISH'),
       ('Summer of Secrets', 'Romance', 'TEEN', 15.99, '2019-06-15', 'Chloe Adams', 320, 'Summer romance',
        'A heartwarming teen love story', 'ENGLISH'),
       ('The Clockwork Heart', 'Steampunk', 'TEEN', 18.50, '2017-09-09', 'Fiona Gale', 390, 'Mechanical wonders',
        'A thrilling steampunk adventure', 'ENGLISH'),
       ('Shadows of the Past', 'Mystery', 'ADULT', 22.95, '2020-02-28', 'David Holmes', 415, 'Cold case investigation',
        'A gripping detective mystery', 'ENGLISH'),
       ('The Emerald Forest', 'Fantasy', 'CHILD', 16.00, '2015-12-01', 'Sarah Jenkins', 250, 'Magical creatures',
        'A wonderful journey into the woods', 'ENGLISH'),
       ('Galactic Frontiers', 'Science Fiction', 'ADULT', 29.99, '2022-08-14', 'Robert Cline', 550,
        'Space colonization', 'An epic space opera', 'ENGLISH'),
       ('Tears of the Sun', 'Historical Fiction', 'ADULT', 26.50, '2018-03-10', 'Maria Rossi', 430, 'War and love',
        'A touching historical drama', 'ENGLISH'),
       ('The Silent Patient', 'Thriller', 'ADULT', 20.00, '2019-05-05', 'Alex Michaelides', 360,
        'Psychological suspense', 'A mind-bending psychological thriller', 'ENGLISH'),
       ('The Dragon''s Lair', 'Fantasy', 'TEEN', 18.99, '2021-07-07', 'Christopher Paolini', 490, 'Dragon riders',
        'A classic fantasy epic', 'ENGLISH'),
       ('Echoes of the Mind', 'Psychology', 'OTHER', 35.00, '2020-11-11', 'Dr. Anna Freud', 310,
        'Understanding thoughts', 'A deep dive into human psychology', 'ENGLISH'),
       ('The Silver Dagger', 'Mystery', 'ADULT', 23.45, '2017-08-22', 'Agatha Christie', 280, 'Classic whodunit',
        'A brilliant murder mystery', 'ENGLISH'),
       ('Starfall', 'Science Fiction', 'TEEN', 17.50, '2023-04-18', 'Luna Lovegood', 340, 'Meteor strike survival',
        'A thrilling apocalyptic survival story', 'ENGLISH'),
       ('The Golden Key', 'Adventure', 'CHILD', 12.99, '2016-09-30', 'George MacDonald', 190, 'Finding the hidden door',
        'A magical childhood adventure', 'ENGLISH'),
       ('Whispering Pines', 'Horror', 'ADULT', 21.99, '2022-10-15', 'Blake Crouch', 400, 'Isolated cabin terror',
        'A chilling horror novel', 'ENGLISH'),
       ('The Glass Slipper', 'Romance', 'TEEN', 14.95, '2018-02-14', 'Ella Cinders', 290, 'Modern fairy tale',
        'A sweet romantic comedy', 'ENGLISH'),
       ('City of Brass', 'Fantasy', 'ADULT', 27.00, '2019-11-20', 'S.A. Chakraborty', 520, 'Djinn mythology',
        'A rich Middle Eastern fantasy', 'ENGLISH'),
       ('The Martian Chronicles', 'Science Fiction', 'ADULT', 19.50, '1950-05-04', 'Ray Bradbury', 260, 'Life on Mars',
        'A classic collection of sci-fi tales', 'ENGLISH'),
       ('Treasure Island', 'Adventure', 'CHILD', 10.00, '1883-05-23', 'Robert Louis Stevenson', 240, 'Pirates and gold',
        'The ultimate pirate adventure', 'ENGLISH'),
       ('The Da Vinci Code', 'Thriller', 'ADULT', 25.99, '2003-03-18', 'Dan Brown', 480, 'Religious conspiracy',
        'A fast-paced historical thriller', 'ENGLISH'),
       ('Pride and Prejudice', 'Romance', 'ADULT', 15.50, '1813-01-28', 'Jane Austen', 430, 'Classic romance',
        'A timeless story of love and society', 'ENGLISH'),
       ('The Book Thief', 'Historical Fiction', 'TEEN', 20.99, '2005-09-01', 'Markus Zusak', 580, 'WWII Germany',
        'A moving story narrated by Death', 'ENGLISH'),
       ('Dune', 'Science Fiction', 'ADULT', 28.50, '1965-08-01', 'Frank Herbert', 600, 'Desert planet politics',
        'A monumental sci-fi epic', 'ENGLISH'),
       ('Harry Potter', 'Fantasy', 'CHILD', 22.00, '1997-06-26', 'J.K. Rowling', 320, 'Boy wizard',
        'A magical journey begins', 'ENGLISH'),
       ('Gone Girl', 'Thriller', 'ADULT', 24.00, '2012-06-05', 'Gillian Flynn', 415, 'Missing wife',
        'A dark psychological thriller', 'ENGLISH'),
       ('The Hobbit', 'Fantasy', 'CHILD', 18.00, '1937-09-21', 'J.R.R. Tolkien', 310, 'A journey there',
        'A fantastic adventure in Middle-earth', 'ENGLISH'),
       ('1984', 'Science Fiction', 'ADULT', 16.99, '1949-06-08', 'George Orwell', 328, 'Dystopian surveillance',
        'A chilling vision of the future', 'ENGLISH'),
       ('The Catcher in the Rye', 'Historical Fiction', 'TEEN', 14.50, '1951-07-16', 'J.D. Salinger', 234,
        'Teenage rebellion', 'A classic coming-of-age novel', 'ENGLISH'),
       ('The Alchemist', 'Adventure', 'OTHER', 19.95, '1988-01-01', 'Paulo Coelho', 208, 'Chasing dreams',
        'An inspiring philosophical tale', 'ENGLISH'),
       ('The Girl with the Dragon Tattoo', 'Mystery', 'ADULT', 26.00, '2005-08-01', 'Stieg Larsson', 670,
        'Hacker and journalist', 'A complex and gripping mystery', 'ENGLISH'),
       ('The Fault in Our Stars', 'Romance', 'TEEN', 17.99, '2012-01-10', 'John Green', 313, 'Star-crossed lovers',
        'A heartbreaking and beautiful story', 'ENGLISH'),
       ('The Hunger Games', 'Science Fiction', 'TEEN', 21.50, '2008-09-14', 'Suzanne Collins', 374,
        'Fight for survival', 'A thrilling dystopian competition', 'ENGLISH'),
       ('The Road', 'Science Fiction', 'ADULT', 23.00, '2006-09-26', 'Cormac McCarthy', 287,
        'Post-apocalyptic survival', 'A bleak and moving father-son journey', 'ENGLISH'),
       ('The Kite Runner', 'Historical Fiction', 'ADULT', 20.50, '2003-05-29', 'Khaled Hosseini', 371,
        'Childhood friends', 'A powerful story of redemption', 'ENGLISH'),
       ('The Handmaid''s Tale', 'Science Fiction', 'ADULT', 22.99, '1985-01-01', 'Margaret Atwood', 311,
        'Totalitarian society', 'A terrifying dystopian vision', 'ENGLISH'),
       ('The Shining', 'Horror', 'ADULT', 25.00, '1977-01-28', 'Stephen King', 447, 'Haunted hotel',
        'A masterpiece of psychological horror', 'ENGLISH'),
       ('The Great Gatsby', 'Historical Fiction', 'ADULT', 15.99, '1925-04-10', 'F. Scott Fitzgerald', 180,
        'Jazz Age decadence', 'A tragic story of love and illusion', 'ENGLISH'),
       ('Fahrenheit 451', 'Science Fiction', 'TEEN', 18.50, '1953-10-19', 'Ray Bradbury', 249, 'Burning books',
        'A powerful dystopian novel', 'ENGLISH'),
       ('The Lord of the Rings', 'Fantasy', 'ADULT', 35.00, '1954-07-29', 'J.R.R. Tolkien', 1178, 'Destroying the ring',
        'The defining epic fantasy', 'ENGLISH'),
       ('To Kill a Mockingbird', 'Historical Fiction', 'TEEN', 19.00, '1960-07-11', 'Harper Lee', 281,
        'Racial injustice', 'A profound story of morality', 'ENGLISH'),
       ('The Chronicles of Narnia', 'Fantasy', 'CHILD', 29.99, '1950-10-16', 'C.S. Lewis', 767, 'Wardrobe portal',
        'A beloved magical adventure', 'ENGLISH'),
       ('The Outsiders', 'Historical Fiction', 'TEEN', 14.00, '1967-04-24', 'S.E. Hinton', 192, 'Rival teen gangs',
        'A classic story of youth and loyalty', 'ENGLISH'),
       ('The Giver', 'Science Fiction', 'CHILD', 16.50, '1993-04-16', 'Lois Lowry', 240, 'Utopian society',
        'A thought-provoking dystopian tale', 'ENGLISH'),
       ('The Maze Runner', 'Science Fiction', 'TEEN', 19.99, '2009-10-06', 'James Dashner', 375, 'Trapped in a maze',
        'A fast-paced survival thriller', 'ENGLISH'),
       ('The Percy Jackson', 'Fantasy', 'CHILD', 21.00, '2005-06-28', 'Rick Riordan', 377, 'Greek demigods',
        'A modern mythological adventure', 'ENGLISH');